id	rule	severity	confidence	file	function	line	source	executed_path	asset	precondition	impact_CIA	application_control	existing_test	proposed_fix	lot	status	details
R4-001	G115	HIGH	MEDIUM	internal/browser/launch_chromium.go	browseForgePersonaSeed	1015	GOSEC_R3_FINAL_SOURCE_ONLY_SCAN	size, port, identifier or buffer value	size, port, identifier or buffer value	out-of-range external or archive value	integrity/availability	positive/range checks exist on selected paths	boundary and overflow tests where available	Inspect and harden the R4-C path; preserve scanner visibility and add negative/positive regression tests.	R4-C	NEEDS_MANUAL_REVIEW	integer overflow conversion int64 -> uint64
R4-002	G115	HIGH	MEDIUM	internal/browser/archive_security.go	copyArchiveBytes	244	GOSEC_R3_FINAL_SOURCE_ONLY_SCAN	size, port, identifier or buffer value	size, port, identifier or buffer value	out-of-range external or archive value	integrity/availability	positive/range checks exist on selected paths	boundary and overflow tests where available	Inspect and harden the R4-C path; preserve scanner visibility and add negative/positive regression tests.	R4-C	NEEDS_MANUAL_REVIEW	integer overflow conversion int64 -> uint64
R4-003	G115	HIGH	MEDIUM	internal/browser/archive_security.go	secureExtractTarGz	209	GOSEC_R3_FINAL_SOURCE_ONLY_SCAN	size, port, identifier or buffer value	size, port, identifier or buffer value	out-of-range external or archive value	integrity/availability	positive/range checks exist on selected paths	boundary and overflow tests where available	Inspect and harden the R4-C path; preserve scanner visibility and add negative/positive regression tests.	R4-C	NEEDS_MANUAL_REVIEW	integer overflow conversion int64 -> uint32
R4-004	G115	HIGH	MEDIUM	cmd/server/cli_runtime.go	normalizedRestoreMode	845	GOSEC_R3_FINAL_SOURCE_ONLY_SCAN	size, port, identifier or buffer value	size, port, identifier or buffer value	out-of-range external or archive value	integrity/availability	positive/range checks exist on selected paths	boundary and overflow tests where available	Inspect and harden the R4-C path; preserve scanner visibility and add negative/positive regression tests.	R4-C	NEEDS_MANUAL_REVIEW	integer overflow conversion int64 -> uint32
R4-005	G404	HIGH	MEDIUM	internal/humanize/mouse.go	traversePath	89	GOSEC_R3_FINAL_SOURCE_ONLY_SCAN	humanization/fingerprint behavior	humanization/fingerprint behavior	weak PRNG influences non-cryptographic variation	low integrity/privacy impact; no auth impact established	not used for token/key/auth decisions by current review	stability tests and manual behavior review	Inspect and harden the R4-C path; preserve scanner visibility and add negative/positive regression tests.	R4-C	NEEDS_MANUAL_REVIEW	Use of weak random number generator (math/rand or math/rand/v2 instead of crypto/rand)
R4-006	G404	HIGH	MEDIUM	internal/humanize/mouse.go	Click	37	GOSEC_R3_FINAL_SOURCE_ONLY_SCAN	humanization/fingerprint behavior	humanization/fingerprint behavior	weak PRNG influences non-cryptographic variation	low integrity/privacy impact; no auth impact established	not used for token/key/auth decisions by current review	stability tests and manual behavior review	Inspect and harden the R4-C path; preserve scanner visibility and add negative/positive regression tests.	R4-C	NEEDS_MANUAL_REVIEW	Use of weak random number generator (math/rand or math/rand/v2 instead of crypto/rand)
R4-007	G404	HIGH	MEDIUM	internal/humanize/mouse.go	Click	36	GOSEC_R3_FINAL_SOURCE_ONLY_SCAN	humanization/fingerprint behavior	humanization/fingerprint behavior	weak PRNG influences non-cryptographic variation	low integrity/privacy impact; no auth impact established	not used for token/key/auth decisions by current review	stability tests and manual behavior review	Inspect and harden the R4-C path; preserve scanner visibility and add negative/positive regression tests.	R4-C	NEEDS_MANUAL_REVIEW	Use of weak random number generator (math/rand or math/rand/v2 instead of crypto/rand)
R4-008	G404	HIGH	MEDIUM	internal/humanize/math.go	randRangeInt	128	GOSEC_R3_FINAL_SOURCE_ONLY_SCAN	humanization/fingerprint behavior	humanization/fingerprint behavior	weak PRNG influences non-cryptographic variation	low integrity/privacy impact; no auth impact established	not used for token/key/auth decisions by current review	stability tests and manual behavior review	Inspect and harden the R4-C path; preserve scanner visibility and add negative/positive regression tests.	R4-C	NEEDS_MANUAL_REVIEW	Use of weak random number generator (math/rand or math/rand/v2 instead of crypto/rand)
R4-009	G404	HIGH	MEDIUM	internal/humanize/math.go	randRange	120	GOSEC_R3_FINAL_SOURCE_ONLY_SCAN	humanization/fingerprint behavior	humanization/fingerprint behavior	weak PRNG influences non-cryptographic variation	low integrity/privacy impact; no auth impact established	not used for token/key/auth decisions by current review	stability tests and manual behavior review	Inspect and harden the R4-C path; preserve scanner visibility and add negative/positive regression tests.	R4-C	NEEDS_MANUAL_REVIEW	Use of weak random number generator (math/rand or math/rand/v2 instead of crypto/rand)
R4-010	G404	HIGH	MEDIUM	internal/humanize/math.go	logNormalDelay	115	GOSEC_R3_FINAL_SOURCE_ONLY_SCAN	humanization/fingerprint behavior	humanization/fingerprint behavior	weak PRNG influences non-cryptographic variation	low integrity/privacy impact; no auth impact established	not used for token/key/auth decisions by current review	stability tests and manual behavior review	Inspect and harden the R4-C path; preserve scanner visibility and add negative/positive regression tests.	R4-C	NEEDS_MANUAL_REVIEW	Use of weak random number generator (math/rand or math/rand/v2 instead of crypto/rand)
R4-011	G404	HIGH	MEDIUM	internal/humanize/math.go	fittsSteps	108	GOSEC_R3_FINAL_SOURCE_ONLY_SCAN	humanization/fingerprint behavior	humanization/fingerprint behavior	weak PRNG influences non-cryptographic variation	low integrity/privacy impact; no auth impact established	not used for token/key/auth decisions by current review	stability tests and manual behavior review	Inspect and harden the R4-C path; preserve scanner visibility and add negative/positive regression tests.	R4-C	NEEDS_MANUAL_REVIEW	Use of weak random number generator (math/rand or math/rand/v2 instead of crypto/rand)
R4-012	G404	HIGH	MEDIUM	internal/humanize/math.go	overshootPoint	98	GOSEC_R3_FINAL_SOURCE_ONLY_SCAN	humanization/fingerprint behavior	humanization/fingerprint behavior	weak PRNG influences non-cryptographic variation	low integrity/privacy impact; no auth impact established	not used for token/key/auth decisions by current review	stability tests and manual behavior review	Inspect and harden the R4-C path; preserve scanner visibility and add negative/positive regression tests.	R4-C	NEEDS_MANUAL_REVIEW	Use of weak random number generator (math/rand or math/rand/v2 instead of crypto/rand)
R4-013	G404	HIGH	MEDIUM	internal/humanize/math.go	overshootPoint	97	GOSEC_R3_FINAL_SOURCE_ONLY_SCAN	humanization/fingerprint behavior	humanization/fingerprint behavior	weak PRNG influences non-cryptographic variation	low integrity/privacy impact; no auth impact established	not used for token/key/auth decisions by current review	stability tests and manual behavior review	Inspect and harden the R4-C path; preserve scanner visibility and add negative/positive regression tests.	R4-C	NEEDS_MANUAL_REVIEW	Use of weak random number generator (math/rand or math/rand/v2 instead of crypto/rand)
R4-014	G404	HIGH	MEDIUM	internal/humanize/math.go	bezierPath	77	GOSEC_R3_FINAL_SOURCE_ONLY_SCAN	humanization/fingerprint behavior	humanization/fingerprint behavior	weak PRNG influences non-cryptographic variation	low integrity/privacy impact; no auth impact established	not used for token/key/auth decisions by current review	stability tests and manual behavior review	Inspect and harden the R4-C path; preserve scanner visibility and add negative/positive regression tests.	R4-C	NEEDS_MANUAL_REVIEW	Use of weak random number generator (math/rand or math/rand/v2 instead of crypto/rand)
R4-015	G404	HIGH	MEDIUM	internal/humanize/math.go	bezierPath	76	GOSEC_R3_FINAL_SOURCE_ONLY_SCAN	humanization/fingerprint behavior	humanization/fingerprint behavior	weak PRNG influences non-cryptographic variation	low integrity/privacy impact; no auth impact established	not used for token/key/auth decisions by current review	stability tests and manual behavior review	Inspect and harden the R4-C path; preserve scanner visibility and add negative/positive regression tests.	R4-C	NEEDS_MANUAL_REVIEW	Use of weak random number generator (math/rand or math/rand/v2 instead of crypto/rand)
R4-016	G404	HIGH	MEDIUM	internal/humanize/math.go	bezierPath	59	GOSEC_R3_FINAL_SOURCE_ONLY_SCAN	humanization/fingerprint behavior	humanization/fingerprint behavior	weak PRNG influences non-cryptographic variation	low integrity/privacy impact; no auth impact established	not used for token/key/auth decisions by current review	stability tests and manual behavior review	Inspect and harden the R4-C path; preserve scanner visibility and add negative/positive regression tests.	R4-C	NEEDS_MANUAL_REVIEW	Use of weak random number generator (math/rand or math/rand/v2 instead of crypto/rand)
R4-017	G404	HIGH	MEDIUM	internal/humanize/math.go	bezierPath	55	GOSEC_R3_FINAL_SOURCE_ONLY_SCAN	humanization/fingerprint behavior	humanization/fingerprint behavior	weak PRNG influences non-cryptographic variation	low integrity/privacy impact; no auth impact established	not used for token/key/auth decisions by current review	stability tests and manual behavior review	Inspect and harden the R4-C path; preserve scanner visibility and add negative/positive regression tests.	R4-C	NEEDS_MANUAL_REVIEW	Use of weak random number generator (math/rand or math/rand/v2 instead of crypto/rand)
R4-018	G404	HIGH	MEDIUM	internal/humanize/math.go	bezierPath	49	GOSEC_R3_FINAL_SOURCE_ONLY_SCAN	humanization/fingerprint behavior	humanization/fingerprint behavior	weak PRNG influences non-cryptographic variation	low integrity/privacy impact; no auth impact established	not used for token/key/auth decisions by current review	stability tests and manual behavior review	Inspect and harden the R4-C path; preserve scanner visibility and add negative/positive regression tests.	R4-C	NEEDS_MANUAL_REVIEW	Use of weak random number generator (math/rand or math/rand/v2 instead of crypto/rand)
R4-019	G404	HIGH	MEDIUM	internal/humanize/keyboard.go	pickTypo	84	GOSEC_R3_FINAL_SOURCE_ONLY_SCAN	humanization/fingerprint behavior	humanization/fingerprint behavior	weak PRNG influences non-cryptographic variation	low integrity/privacy impact; no auth impact established	not used for token/key/auth decisions by current review	stability tests and manual behavior review	Inspect and harden the R4-C path; preserve scanner visibility and add negative/positive regression tests.	R4-C	NEEDS_MANUAL_REVIEW	Use of weak random number generator (math/rand or math/rand/v2 instead of crypto/rand)
R4-020	G404	HIGH	MEDIUM	internal/humanize/keyboard.go	Type	56	GOSEC_R3_FINAL_SOURCE_ONLY_SCAN	humanization/fingerprint behavior	humanization/fingerprint behavior	weak PRNG influences non-cryptographic variation	low integrity/privacy impact; no auth impact established	not used for token/key/auth decisions by current review	stability tests and manual behavior review	Inspect and harden the R4-C path; preserve scanner visibility and add negative/positive regression tests.	R4-C	NEEDS_MANUAL_REVIEW	Use of weak random number generator (math/rand or math/rand/v2 instead of crypto/rand)
R4-021	G404	HIGH	MEDIUM	internal/fingerprint/pool.go	Pick	64	GOSEC_R3_FINAL_SOURCE_ONLY_SCAN	humanization/fingerprint behavior	humanization/fingerprint behavior	weak PRNG influences non-cryptographic variation	low integrity/privacy impact; no auth impact established	not used for token/key/auth decisions by current review	stability tests and manual behavior review	Inspect and harden the R4-C path; preserve scanner visibility and add negative/positive regression tests.	R4-C	NEEDS_MANUAL_REVIEW	Use of weak random number generator (math/rand or math/rand/v2 instead of crypto/rand)
R4-022	G704	HIGH	HIGH	internal/api/sessions.go	playwrightWSProxy	478	GOSEC_R3_FINAL_SOURCE_ONLY_SCAN	subprocess or WebSocket/HTTP bridge	subprocess or WebSocket/HTTP bridge	tainted command/endpoint or missing timeout	integrity/availability/confidentiality	allowlisted local targets, deadlines and platform-specific guards on reviewed paths	synthetic local refusal/timeout tests	Inspect and harden the R4-D path; preserve scanner visibility and add negative/positive regression tests.	R4-D	NEEDS_MANUAL_REVIEW	SSRF via taint analysis
R4-023	G704	HIGH	HIGH	cmd/server/cli_runtime.go	restoreMetadataBackup	945	GOSEC_R3_FINAL_SOURCE_ONLY_SCAN	subprocess or WebSocket/HTTP bridge	subprocess or WebSocket/HTTP bridge	tainted command/endpoint or missing timeout	integrity/availability/confidentiality	allowlisted local targets, deadlines and platform-specific guards on reviewed paths	synthetic local refusal/timeout tests	Inspect and harden the R4-D path; preserve scanner visibility and add negative/positive regression tests.	R4-D	NEEDS_MANUAL_REVIEW	SSRF via taint analysis
R4-024	G704	HIGH	HIGH	cmd/server/cli_runtime.go	createMetadataBackup	889	GOSEC_R3_FINAL_SOURCE_ONLY_SCAN	subprocess or WebSocket/HTTP bridge	subprocess or WebSocket/HTTP bridge	tainted command/endpoint or missing timeout	integrity/availability/confidentiality	allowlisted local targets, deadlines and platform-specific guards on reviewed paths	synthetic local refusal/timeout tests	Inspect and harden the R4-D path; preserve scanner visibility and add negative/positive regression tests.	R4-D	NEEDS_MANUAL_REVIEW	SSRF via taint analysis
R4-025	G704	HIGH	HIGH	cmd/server/cli_runtime.go	createMetadataBackup	884	GOSEC_R3_FINAL_SOURCE_ONLY_SCAN	subprocess or WebSocket/HTTP bridge	subprocess or WebSocket/HTTP bridge	tainted command/endpoint or missing timeout	integrity/availability/confidentiality	allowlisted local targets, deadlines and platform-specific guards on reviewed paths	synthetic local refusal/timeout tests	Inspect and harden the R4-D path; preserve scanner visibility and add negative/positive regression tests.	R4-D	NEEDS_MANUAL_REVIEW	SSRF via taint analysis
R4-026	G704	HIGH	HIGH	cmd/server/cli.go	doJSON	1088	GOSEC_R3_FINAL_SOURCE_ONLY_SCAN	subprocess or WebSocket/HTTP bridge	subprocess or WebSocket/HTTP bridge	tainted command/endpoint or missing timeout	integrity/availability/confidentiality	allowlisted local targets, deadlines and platform-specific guards on reviewed paths	synthetic local refusal/timeout tests	Inspect and harden the R4-D path; preserve scanner visibility and add negative/positive regression tests.	R4-D	NEEDS_MANUAL_REVIEW	SSRF via taint analysis
R4-027	G704	HIGH	HIGH	cmd/server/cli.go	apiPOST	1004	GOSEC_R3_FINAL_SOURCE_ONLY_SCAN	subprocess or WebSocket/HTTP bridge	subprocess or WebSocket/HTTP bridge	tainted command/endpoint or missing timeout	integrity/availability/confidentiality	allowlisted local targets, deadlines and platform-specific guards on reviewed paths	synthetic local refusal/timeout tests	Inspect and harden the R4-D path; preserve scanner visibility and add negative/positive regression tests.	R4-D	NEEDS_MANUAL_REVIEW	SSRF via taint analysis
R4-028	G704	HIGH	HIGH	cmd/server/cli.go	apiGET	985	GOSEC_R3_FINAL_SOURCE_ONLY_SCAN	subprocess or WebSocket/HTTP bridge	subprocess or WebSocket/HTTP bridge	tainted command/endpoint or missing timeout	integrity/availability/confidentiality	allowlisted local targets, deadlines and platform-specific guards on reviewed paths	synthetic local refusal/timeout tests	Inspect and harden the R4-D path; preserve scanner visibility and add negative/positive regression tests.	R4-D	NEEDS_MANUAL_REVIEW	SSRF via taint analysis
R4-029	G101	HIGH	LOW	internal/api/admin_token.go	package scope	22	GOSEC_R3_FINAL_SOURCE_ONLY_SCAN	admin-token identifier or token metadata context	admin-token identifier or token metadata context	pattern is mistaken for embedded credential, or real secret is committed	confidentiality/integrity	redaction and synthetic-token-only policy	gitleaks and source inspection	Inspect and harden the R4-C path; preserve scanner visibility and add negative/positive regression tests.	R4-C	NEEDS_MANUAL_REVIEW	Potential hardcoded credentials
R4-030	G703	HIGH	HIGH	cmd/server/cli_runtime.go	restoreMetadataBackup	935	GOSEC_R3_FINAL_SOURCE_ONLY_SCAN	user-selected local path, archive, backup or artifact	user-selected local path, archive, backup or artifact	tainted path, link, malformed archive or race	confidentiality/integrity/availability	lexical confinement, os.Root, archive limits and staged activation on selected paths	traversal, symlink, hardlink, special-type and malformed archive tests	Inspect and harden the R4-B path; preserve scanner visibility and add negative/positive regression tests.	R4-B	NEEDS_MANUAL_REVIEW	Path traversal via taint analysis
R4-031	G703	HIGH	HIGH	cmd/server/cli_runtime.go	createMetadataBackup	900	GOSEC_R3_FINAL_SOURCE_ONLY_SCAN	user-selected local path, archive, backup or artifact	user-selected local path, archive, backup or artifact	tainted path, link, malformed archive or race	confidentiality/integrity/availability	lexical confinement, os.Root, archive limits and staged activation on selected paths	traversal, symlink, hardlink, special-type and malformed archive tests	Inspect and harden the R4-B path; preserve scanner visibility and add negative/positive regression tests.	R4-B	NEEDS_MANUAL_REVIEW	Path traversal via taint analysis
R4-032	G703	HIGH	HIGH	cmd/server/cli_runtime.go	createMetadataBackup	897	GOSEC_R3_FINAL_SOURCE_ONLY_SCAN	user-selected local path, archive, backup or artifact	user-selected local path, archive, backup or artifact	tainted path, link, malformed archive or race	confidentiality/integrity/availability	lexical confinement, os.Root, archive limits and staged activation on selected paths	traversal, symlink, hardlink, special-type and malformed archive tests	Inspect and harden the R4-B path; preserve scanner visibility and add negative/positive regression tests.	R4-B	NEEDS_MANUAL_REVIEW	Path traversal via taint analysis
R4-033	G703	HIGH	HIGH	cmd/server/cli_runtime.go	extractFullBackupToStage	785	GOSEC_R3_FINAL_SOURCE_ONLY_SCAN	user-selected local path, archive, backup or artifact	user-selected local path, archive, backup or artifact	tainted path, link, malformed archive or race	confidentiality/integrity/availability	lexical confinement, os.Root, archive limits and staged activation on selected paths	traversal, symlink, hardlink, special-type and malformed archive tests	Inspect and harden the R4-B path; preserve scanner visibility and add negative/positive regression tests.	R4-B	NEEDS_MANUAL_REVIEW	Path traversal via taint analysis
R4-034	G703	HIGH	HIGH	cmd/server/cli_runtime.go	extractFullBackupToStage	761	GOSEC_R3_FINAL_SOURCE_ONLY_SCAN	user-selected local path, archive, backup or artifact	user-selected local path, archive, backup or artifact	tainted path, link, malformed archive or race	confidentiality/integrity/availability	lexical confinement, os.Root, archive limits and staged activation on selected paths	traversal, symlink, hardlink, special-type and malformed archive tests	Inspect and harden the R4-B path; preserve scanner visibility and add negative/positive regression tests.	R4-B	NEEDS_MANUAL_REVIEW	Path traversal via taint analysis
R4-035	G703	HIGH	HIGH	cmd/server/cli_runtime.go	extractFullBackupToStage	758	GOSEC_R3_FINAL_SOURCE_ONLY_SCAN	user-selected local path, archive, backup or artifact	user-selected local path, archive, backup or artifact	tainted path, link, malformed archive or race	confidentiality/integrity/availability	lexical confinement, os.Root, archive limits and staged activation on selected paths	traversal, symlink, hardlink, special-type and malformed archive tests	Inspect and harden the R4-B path; preserve scanner visibility and add negative/positive regression tests.	R4-B	NEEDS_MANUAL_REVIEW	Path traversal via taint analysis
R4-036	G703	HIGH	HIGH	cmd/server/cli_runtime.go	extractFullBackupToStage	748	GOSEC_R3_FINAL_SOURCE_ONLY_SCAN	user-selected local path, archive, backup or artifact	user-selected local path, archive, backup or artifact	tainted path, link, malformed archive or race	confidentiality/integrity/availability	lexical confinement, os.Root, archive limits and staged activation on selected paths	traversal, symlink, hardlink, special-type and malformed archive tests	Inspect and harden the R4-B path; preserve scanner visibility and add negative/positive regression tests.	R4-B	NEEDS_MANUAL_REVIEW	Path traversal via taint analysis
R4-037	G703	HIGH	HIGH	cmd/server/cli_runtime.go	extractFullBackupToStage	709	GOSEC_R3_FINAL_SOURCE_ONLY_SCAN	user-selected local path, archive, backup or artifact	user-selected local path, archive, backup or artifact	tainted path, link, malformed archive or race	confidentiality/integrity/availability	lexical confinement, os.Root, archive limits and staged activation on selected paths	traversal, symlink, hardlink, special-type and malformed archive tests	Inspect and harden the R4-B path; preserve scanner visibility and add negative/positive regression tests.	R4-B	NEEDS_MANUAL_REVIEW	Path traversal via taint analysis
R4-038	G703	HIGH	HIGH	cmd/server/cli_runtime.go	createFullBackup	594	GOSEC_R3_FINAL_SOURCE_ONLY_SCAN	user-selected local path, archive, backup or artifact	user-selected local path, archive, backup or artifact	tainted path, link, malformed archive or race	confidentiality/integrity/availability	lexical confinement, os.Root, archive limits and staged activation on selected paths	traversal, symlink, hardlink, special-type and malformed archive tests	Inspect and harden the R4-B path; preserve scanner visibility and add negative/positive regression tests.	R4-B	NEEDS_MANUAL_REVIEW	Path traversal via taint analysis
R4-039	G703	HIGH	HIGH	cmd/server/cli_runtime.go	createFullBackup	591	GOSEC_R3_FINAL_SOURCE_ONLY_SCAN	user-selected local path, archive, backup or artifact	user-selected local path, archive, backup or artifact	tainted path, link, malformed archive or race	confidentiality/integrity/availability	lexical confinement, os.Root, archive limits and staged activation on selected paths	traversal, symlink, hardlink, special-type and malformed archive tests	Inspect and harden the R4-B path; preserve scanner visibility and add negative/positive regression tests.	R4-B	NEEDS_MANUAL_REVIEW	Path traversal via taint analysis
R4-040	G703	HIGH	HIGH	cmd/server/cli_runtime.go	backupOutputPath	581	GOSEC_R3_FINAL_SOURCE_ONLY_SCAN	user-selected local path, archive, backup or artifact	user-selected local path, archive, backup or artifact	tainted path, link, malformed archive or race	confidentiality/integrity/availability	lexical confinement, os.Root, archive limits and staged activation on selected paths	traversal, symlink, hardlink, special-type and malformed archive tests	Inspect and harden the R4-B path; preserve scanner visibility and add negative/positive regression tests.	R4-B	NEEDS_MANUAL_REVIEW	Path traversal via taint analysis
R4-041	G703	HIGH	HIGH	cmd/server/cli_runtime.go	installBrowsers	457	GOSEC_R3_FINAL_SOURCE_ONLY_SCAN	user-selected local path, archive, backup or artifact	user-selected local path, archive, backup or artifact	tainted path, link, malformed archive or race	confidentiality/integrity/availability	lexical confinement, os.Root, archive limits and staged activation on selected paths	traversal, symlink, hardlink, special-type and malformed archive tests	Inspect and harden the R4-B path; preserve scanner visibility and add negative/positive regression tests.	R4-B	NEEDS_MANUAL_REVIEW	Path traversal via taint analysis
R4-042	G204	MEDIUM	HIGH	internal/browser/download.go	DownloadCloakBrowser	484	GOSEC_R3_FINAL_SOURCE_ONLY_SCAN	subprocess or WebSocket/HTTP bridge	subprocess or WebSocket/HTTP bridge	tainted command/endpoint or missing timeout	integrity/availability/confidentiality	allowlisted local targets, deadlines and platform-specific guards on reviewed paths	synthetic local refusal/timeout tests	Inspect and harden the R4-D path; preserve scanner visibility and add negative/positive regression tests.	R4-D	NEEDS_MANUAL_REVIEW	Subprocess launched with variable
R4-043	G204	MEDIUM	HIGH	internal/browser/download.go	clearMacOSQuarantine	358	GOSEC_R3_FINAL_SOURCE_ONLY_SCAN	subprocess or WebSocket/HTTP bridge	subprocess or WebSocket/HTTP bridge	tainted command/endpoint or missing timeout	integrity/availability/confidentiality	allowlisted local targets, deadlines and platform-specific guards on reviewed paths	synthetic local refusal/timeout tests	Inspect and harden the R4-D path; preserve scanner visibility and add negative/positive regression tests.	R4-D	NEEDS_MANUAL_REVIEW	Subprocess launched with variable
R4-044	G204	MEDIUM	HIGH	cmd/server/main.go	openBrowser	559	GOSEC_R3_FINAL_SOURCE_ONLY_SCAN	subprocess or WebSocket/HTTP bridge	subprocess or WebSocket/HTTP bridge	tainted command/endpoint or missing timeout	integrity/availability/confidentiality	allowlisted local targets, deadlines and platform-specific guards on reviewed paths	synthetic local refusal/timeout tests	Inspect and harden the R4-D path; preserve scanner visibility and add negative/positive regression tests.	R4-D	NEEDS_MANUAL_REVIEW	Subprocess launched with variable
R4-045	G204	MEDIUM	HIGH	cmd/server/main.go	openBrowser	557	GOSEC_R3_FINAL_SOURCE_ONLY_SCAN	subprocess or WebSocket/HTTP bridge	subprocess or WebSocket/HTTP bridge	tainted command/endpoint or missing timeout	integrity/availability/confidentiality	allowlisted local targets, deadlines and platform-specific guards on reviewed paths	synthetic local refusal/timeout tests	Inspect and harden the R4-D path; preserve scanner visibility and add negative/positive regression tests.	R4-D	NEEDS_MANUAL_REVIEW	Subprocess launched with variable
R4-046	G204	MEDIUM	HIGH	cmd/server/main.go	openBrowser	555	GOSEC_R3_FINAL_SOURCE_ONLY_SCAN	subprocess or WebSocket/HTTP bridge	subprocess or WebSocket/HTTP bridge	tainted command/endpoint or missing timeout	integrity/availability/confidentiality	allowlisted local targets, deadlines and platform-specific guards on reviewed paths	synthetic local refusal/timeout tests	Inspect and harden the R4-D path; preserve scanner visibility and add negative/positive regression tests.	R4-D	NEEDS_MANUAL_REVIEW	Subprocess launched with variable
R4-047	G304	MEDIUM	HIGH	internal/workflow/engine.go	LoadFile	53	GOSEC_R3_FINAL_SOURCE_ONLY_SCAN	user-selected local path, archive, backup or artifact	user-selected local path, archive, backup or artifact	tainted path, link, malformed archive or race	confidentiality/integrity/availability	lexical confinement, os.Root, archive limits and staged activation on selected paths	traversal, symlink, hardlink, special-type and malformed archive tests	Inspect and harden the R4-B path; preserve scanner visibility and add negative/positive regression tests.	R4-B	NEEDS_MANUAL_REVIEW	Potential file inclusion via variable
R4-048	G304	MEDIUM	HIGH	internal/mcp/advanced_tools.go	toolReadDownload	481	GOSEC_R3_FINAL_SOURCE_ONLY_SCAN	user-selected local path, archive, backup or artifact	user-selected local path, archive, backup or artifact	tainted path, link, malformed archive or race	confidentiality/integrity/availability	lexical confinement, os.Root, archive limits and staged activation on selected paths	traversal, symlink, hardlink, special-type and malformed archive tests	Inspect and harden the R4-B path; preserve scanner visibility and add negative/positive regression tests.	R4-B	NEEDS_MANUAL_REVIEW	Potential file inclusion via variable
R4-049	G304	MEDIUM	HIGH	internal/fingerprint/pool.go	NewPool	25	GOSEC_R3_FINAL_SOURCE_ONLY_SCAN	user-selected local path, archive, backup or artifact	user-selected local path, archive, backup or artifact	tainted path, link, malformed archive or race	confidentiality/integrity/availability	lexical confinement, os.Root, archive limits and staged activation on selected paths	traversal, symlink, hardlink, special-type and malformed archive tests	Inspect and harden the R4-B path; preserve scanner visibility and add negative/positive regression tests.	R4-B	NEEDS_MANUAL_REVIEW	Potential file inclusion via variable
R4-050	G304	MEDIUM	HIGH	internal/config/config.go	SetupLogger	172	GOSEC_R3_FINAL_SOURCE_ONLY_SCAN	user-selected local path, archive, backup or artifact	user-selected local path, archive, backup or artifact	tainted path, link, malformed archive or race	confidentiality/integrity/availability	lexical confinement, os.Root, archive limits and staged activation on selected paths	traversal, symlink, hardlink, special-type and malformed archive tests	Inspect and harden the R4-B path; preserve scanner visibility and add negative/positive regression tests.	R4-B	NEEDS_MANUAL_REVIEW	Potential file inclusion via variable
R4-051	G304	MEDIUM	HIGH	internal/config/config.go	Load	91	GOSEC_R3_FINAL_SOURCE_ONLY_SCAN	user-selected local path, archive, backup or artifact	user-selected local path, archive, backup or artifact	tainted path, link, malformed archive or race	confidentiality/integrity/availability	lexical confinement, os.Root, archive limits and staged activation on selected paths	traversal, symlink, hardlink, special-type and malformed archive tests	Inspect and harden the R4-B path; preserve scanner visibility and add negative/positive regression tests.	R4-B	NEEDS_MANUAL_REVIEW	Potential file inclusion via variable
R4-052	G304	MEDIUM	HIGH	internal/browser/launch_chromium.go	launchChromium	201	GOSEC_R3_FINAL_SOURCE_ONLY_SCAN	user-selected local path, archive, backup or artifact	user-selected local path, archive, backup or artifact	tainted path, link, malformed archive or race	confidentiality/integrity/availability	lexical confinement, os.Root, archive limits and staged activation on selected paths	traversal, symlink, hardlink, special-type and malformed archive tests	Inspect and harden the R4-B path; preserve scanner visibility and add negative/positive regression tests.	R4-B	NEEDS_MANUAL_REVIEW	Potential file inclusion via variable
R4-053	G304	MEDIUM	HIGH	internal/browser/download.go	download	558	GOSEC_R3_FINAL_SOURCE_ONLY_SCAN	user-selected local path, archive, backup or artifact	user-selected local path, archive, backup or artifact	tainted path, link, malformed archive or race	confidentiality/integrity/availability	lexical confinement, os.Root, archive limits and staged activation on selected paths	traversal, symlink, hardlink, special-type and malformed archive tests	Inspect and harden the R4-B path; preserve scanner visibility and add negative/positive regression tests.	R4-B	NEEDS_MANUAL_REVIEW	Potential file inclusion via variable
R4-054	G304	MEDIUM	HIGH	internal/browser/download.go	InstalledVersion	136	GOSEC_R3_FINAL_SOURCE_ONLY_SCAN	user-selected local path, archive, backup or artifact	user-selected local path, archive, backup or artifact	tainted path, link, malformed archive or race	confidentiality/integrity/availability	lexical confinement, os.Root, archive limits and staged activation on selected paths	traversal, symlink, hardlink, special-type and malformed archive tests	Inspect and harden the R4-B path; preserve scanner visibility and add negative/positive regression tests.	R4-B	NEEDS_MANUAL_REVIEW	Potential file inclusion via variable
R4-055	G304	MEDIUM	HIGH	internal/browser/archive_security.go	secureExtractTarGz	209	GOSEC_R3_FINAL_SOURCE_ONLY_SCAN	user-selected local path, archive, backup or artifact	user-selected local path, archive, backup or artifact	tainted path, link, malformed archive or race	confidentiality/integrity/availability	lexical confinement, os.Root, archive limits and staged activation on selected paths	traversal, symlink, hardlink, special-type and malformed archive tests	Inspect and harden the R4-B path; preserve scanner visibility and add negative/positive regression tests.	R4-B	NEEDS_MANUAL_REVIEW	Potential file inclusion via variable
R4-056	G304	MEDIUM	HIGH	internal/browser/archive_security.go	secureExtractTarGz	168	GOSEC_R3_FINAL_SOURCE_ONLY_SCAN	user-selected local path, archive, backup or artifact	user-selected local path, archive, backup or artifact	tainted path, link, malformed archive or race	confidentiality/integrity/availability	lexical confinement, os.Root, archive limits and staged activation on selected paths	traversal, symlink, hardlink, special-type and malformed archive tests	Inspect and harden the R4-B path; preserve scanner visibility and add negative/positive regression tests.	R4-B	NEEDS_MANUAL_REVIEW	Potential file inclusion via variable
R4-057	G304	MEDIUM	HIGH	internal/browser/archive_security.go	secureExtractZip	141	GOSEC_R3_FINAL_SOURCE_ONLY_SCAN	user-selected local path, archive, backup or artifact	user-selected local path, archive, backup or artifact	tainted path, link, malformed archive or race	confidentiality/integrity/availability	lexical confinement, os.Root, archive limits and staged activation on selected paths	traversal, symlink, hardlink, special-type and malformed archive tests	Inspect and harden the R4-B path; preserve scanner visibility and add negative/positive regression tests.	R4-B	NEEDS_MANUAL_REVIEW	Potential file inclusion via variable
R4-058	G304	MEDIUM	HIGH	internal/api/router.go	loadOrCreateToken	831	GOSEC_R3_FINAL_SOURCE_ONLY_SCAN	user-selected local path, archive, backup or artifact	user-selected local path, archive, backup or artifact	tainted path, link, malformed archive or race	confidentiality/integrity/availability	lexical confinement, os.Root, archive limits and staged activation on selected paths	traversal, symlink, hardlink, special-type and malformed archive tests	Inspect and harden the R4-B path; preserve scanner visibility and add negative/positive regression tests.	R4-B	NEEDS_MANUAL_REVIEW	Potential file inclusion via variable
R4-059	G304	MEDIUM	HIGH	cmd/server/cli_runtime.go	restoreMetadataBackup	935	GOSEC_R3_FINAL_SOURCE_ONLY_SCAN	user-selected local path, archive, backup or artifact	user-selected local path, archive, backup or artifact	tainted path, link, malformed archive or race	confidentiality/integrity/availability	lexical confinement, os.Root, archive limits and staged activation on selected paths	traversal, symlink, hardlink, special-type and malformed archive tests	Inspect and harden the R4-B path; preserve scanner visibility and add negative/positive regression tests.	R4-B	NEEDS_MANUAL_REVIEW	Potential file inclusion via variable
R4-060	G304	MEDIUM	HIGH	cmd/server/cli_runtime.go	createMetadataBackup	900	GOSEC_R3_FINAL_SOURCE_ONLY_SCAN	user-selected local path, archive, backup or artifact	user-selected local path, archive, backup or artifact	tainted path, link, malformed archive or race	confidentiality/integrity/availability	lexical confinement, os.Root, archive limits and staged activation on selected paths	traversal, symlink, hardlink, special-type and malformed archive tests	Inspect and harden the R4-B path; preserve scanner visibility and add negative/positive regression tests.	R4-B	NEEDS_MANUAL_REVIEW	Potential file inclusion via variable
R4-061	G304	MEDIUM	HIGH	cmd/server/cli_runtime.go	extractFullBackupToStage	761	GOSEC_R3_FINAL_SOURCE_ONLY_SCAN	user-selected local path, archive, backup or artifact	user-selected local path, archive, backup or artifact	tainted path, link, malformed archive or race	confidentiality/integrity/availability	lexical confinement, os.Root, archive limits and staged activation on selected paths	traversal, symlink, hardlink, special-type and malformed archive tests	Inspect and harden the R4-B path; preserve scanner visibility and add negative/positive regression tests.	R4-B	NEEDS_MANUAL_REVIEW	Potential file inclusion via variable
R4-062	G304	MEDIUM	HIGH	cmd/server/cli_runtime.go	extractFullBackupToStage	709	GOSEC_R3_FINAL_SOURCE_ONLY_SCAN	user-selected local path, archive, backup or artifact	user-selected local path, archive, backup or artifact	tainted path, link, malformed archive or race	confidentiality/integrity/availability	lexical confinement, os.Root, archive limits and staged activation on selected paths	traversal, symlink, hardlink, special-type and malformed archive tests	Inspect and harden the R4-B path; preserve scanner visibility and add negative/positive regression tests.	R4-B	NEEDS_MANUAL_REVIEW	Potential file inclusion via variable
R4-063	G304	MEDIUM	HIGH	cmd/server/cli_runtime.go	createFullBackup	594	GOSEC_R3_FINAL_SOURCE_ONLY_SCAN	user-selected local path, archive, backup or artifact	user-selected local path, archive, backup or artifact	tainted path, link, malformed archive or race	confidentiality/integrity/availability	lexical confinement, os.Root, archive limits and staged activation on selected paths	traversal, symlink, hardlink, special-type and malformed archive tests	Inspect and harden the R4-B path; preserve scanner visibility and add negative/positive regression tests.	R4-B	NEEDS_MANUAL_REVIEW	Potential file inclusion via variable
R4-064	G304	MEDIUM	HIGH	cmd/server/cli.go	readToken	856	GOSEC_R3_FINAL_SOURCE_ONLY_SCAN	user-selected local path, archive, backup or artifact	user-selected local path, archive, backup or artifact	tainted path, link, malformed archive or race	confidentiality/integrity/availability	lexical confinement, os.Root, archive limits and staged activation on selected paths	traversal, symlink, hardlink, special-type and malformed archive tests	Inspect and harden the R4-B path; preserve scanner visibility and add negative/positive regression tests.	R4-B	NEEDS_MANUAL_REVIEW	Potential file inclusion via variable
R4-065	G304	MEDIUM	HIGH	cmd/server/cli.go	runMigrateCommand	572	GOSEC_R3_FINAL_SOURCE_ONLY_SCAN	user-selected local path, archive, backup or artifact	user-selected local path, archive, backup or artifact	tainted path, link, malformed archive or race	confidentiality/integrity/availability	lexical confinement, os.Root, archive limits and staged activation on selected paths	traversal, symlink, hardlink, special-type and malformed archive tests	Inspect and harden the R4-B path; preserve scanner visibility and add negative/positive regression tests.	R4-B	NEEDS_MANUAL_REVIEW	Potential file inclusion via variable
R4-066	G107	MEDIUM	MEDIUM	internal/browser/download.go	download	545	GOSEC_R3_FINAL_SOURCE_ONLY_SCAN	URL/network request	URL/network request	uncontrolled external or redirectable target	confidentiality/integrity/availability	loopback validation and local HTTP policy on reviewed paths	loopback/external/redirect/timeout tests	Inspect and harden the R4-C path; preserve scanner visibility and add negative/positive regression tests.	R4-C	NEEDS_MANUAL_REVIEW	Potential HTTP request made with variable url
R4-067	G305	MEDIUM	HIGH	cmd/server/cli_runtime.go	extractFullBackupToStage	781	GOSEC_R3_FINAL_SOURCE_ONLY_SCAN	user-selected local path, archive, backup or artifact	user-selected local path, archive, backup or artifact	tainted path, link, malformed archive or race	confidentiality/integrity/availability	lexical confinement, os.Root, archive limits and staged activation on selected paths	traversal, symlink, hardlink, special-type and malformed archive tests	Inspect and harden the R4-B path; preserve scanner visibility and add negative/positive regression tests.	R4-B	NEEDS_MANUAL_REVIEW	File traversal when extracting zip/tar archive
R4-068	G302	MEDIUM	HIGH	internal/groups/store.go	NewStore	48	GOSEC_R3_FINAL_SOURCE_ONLY_SCAN	runtime executable or sensitive file mode	runtime executable or sensitive file mode	permission mode broader than intended	confidentiality/integrity	owner-only directories and explicit file modes on R3 paths	mode assertions on sensitive runtime paths	Inspect and harden the R4-C path; preserve scanner visibility and add negative/positive regression tests.	R4-C	NEEDS_MANUAL_REVIEW	Expect file permissions to be 0600 or less
R4-069	G302	MEDIUM	HIGH	internal/browser/download.go	DownloadCloakBrowser	491	GOSEC_R3_FINAL_SOURCE_ONLY_SCAN	runtime executable or sensitive file mode	runtime executable or sensitive file mode	permission mode broader than intended	confidentiality/integrity	owner-only directories and explicit file modes on R3 paths	mode assertions on sensitive runtime paths	Inspect and harden the R4-C path; preserve scanner visibility and add negative/positive regression tests.	R4-C	NEEDS_MANUAL_REVIEW	Expect file permissions to be 0600 or less
R4-070	G302	MEDIUM	HIGH	internal/browser/download.go	DownloadCamoufox	404	GOSEC_R3_FINAL_SOURCE_ONLY_SCAN	runtime executable or sensitive file mode	runtime executable or sensitive file mode	permission mode broader than intended	confidentiality/integrity	owner-only directories and explicit file modes on R3 paths	mode assertions on sensitive runtime paths	Inspect and harden the R4-C path; preserve scanner visibility and add negative/positive regression tests.	R4-C	NEEDS_MANUAL_REVIEW	Expect file permissions to be 0600 or less
R4-071	G302	MEDIUM	HIGH	internal/browser/download.go	DownloadBrowseForgeChromium	344	GOSEC_R3_FINAL_SOURCE_ONLY_SCAN	runtime executable or sensitive file mode	runtime executable or sensitive file mode	permission mode broader than intended	confidentiality/integrity	owner-only directories and explicit file modes on R3 paths	mode assertions on sensitive runtime paths	Inspect and harden the R4-C path; preserve scanner visibility and add negative/positive regression tests.	R4-C	NEEDS_MANUAL_REVIEW	Expect file permissions to be 0600 or less
R4-072	G302	MEDIUM	HIGH	cmd/server/cli.go	ensureRuntimeDirs	763	GOSEC_R3_FINAL_SOURCE_ONLY_SCAN	runtime executable or sensitive file mode	runtime executable or sensitive file mode	permission mode broader than intended	confidentiality/integrity	owner-only directories and explicit file modes on R3 paths	mode assertions on sensitive runtime paths	Inspect and harden the R4-C path; preserve scanner visibility and add negative/positive regression tests.	R4-C	NEEDS_MANUAL_REVIEW	Expect file permissions to be 0600 or less
R4-073	G104	LOW	HIGH	internal/mcp/stdio.go	writeStdout	56	GOSEC_R3_FINAL_SOURCE_ONLY_SCAN	local persistence, archive, transport or audit I/O	local persistence, archive, transport or audit I/O	faulty/partial I/O or closed resource	integrity/availability; confidentiality if cleanup leaks data	bounded error propagation, rollback or cleanup exists on some paths	interrupted write/close/rename and rollback tests	Inspect and harden the R4-A path; preserve scanner visibility and add negative/positive regression tests.	R4-A	NEEDS_MANUAL_REVIEW	Errors unhandled
R4-074	G104	LOW	HIGH	internal/mcp/server.go	toolCloseTab	818	GOSEC_R3_FINAL_SOURCE_ONLY_SCAN	local persistence, archive, transport or audit I/O	local persistence, archive, transport or audit I/O	faulty/partial I/O or closed resource	integrity/availability; confidentiality if cleanup leaks data	bounded error propagation, rollback or cleanup exists on some paths	interrupted write/close/rename and rollback tests	Inspect and harden the R4-A path; preserve scanner visibility and add negative/positive regression tests.	R4-A	NEEDS_MANUAL_REVIEW	Errors unhandled
R4-075	G104	LOW	HIGH	internal/mcp/server.go	toolTypeText	667	GOSEC_R3_FINAL_SOURCE_ONLY_SCAN	local persistence, archive, transport or audit I/O	local persistence, archive, transport or audit I/O	faulty/partial I/O or closed resource	integrity/availability; confidentiality if cleanup leaks data	bounded error propagation, rollback or cleanup exists on some paths	interrupted write/close/rename and rollback tests	Inspect and harden the R4-A path; preserve scanner visibility and add negative/positive regression tests.	R4-A	NEEDS_MANUAL_REVIEW	Errors unhandled
R4-076	G104	LOW	HIGH	internal/mcp/protocol.go	writeJSONRPCStatus	40	GOSEC_R3_FINAL_SOURCE_ONLY_SCAN	local persistence, archive, transport or audit I/O	local persistence, archive, transport or audit I/O	faulty/partial I/O or closed resource	integrity/availability; confidentiality if cleanup leaks data	bounded error propagation, rollback or cleanup exists on some paths	interrupted write/close/rename and rollback tests	Inspect and harden the R4-A path; preserve scanner visibility and add negative/positive regression tests.	R4-A	NEEDS_MANUAL_REVIEW	Errors unhandled
R4-077	G104	LOW	HIGH	internal/humanize/keyboard.go	pressChar	73-75	GOSEC_R3_FINAL_SOURCE_ONLY_SCAN	local persistence, archive, transport or audit I/O	local persistence, archive, transport or audit I/O	faulty/partial I/O or closed resource	integrity/availability; confidentiality if cleanup leaks data	bounded error propagation, rollback or cleanup exists on some paths	interrupted write/close/rename and rollback tests	Inspect and harden the R4-A path; preserve scanner visibility and add negative/positive regression tests.	R4-A	NEEDS_MANUAL_REVIEW	Errors unhandled
R4-078	G104	LOW	HIGH	internal/humanize/keyboard.go	Type	60	GOSEC_R3_FINAL_SOURCE_ONLY_SCAN	local persistence, archive, transport or audit I/O	local persistence, archive, transport or audit I/O	faulty/partial I/O or closed resource	integrity/availability; confidentiality if cleanup leaks data	bounded error propagation, rollback or cleanup exists on some paths	interrupted write/close/rename and rollback tests	Inspect and harden the R4-A path; preserve scanner visibility and add negative/positive regression tests.	R4-A	NEEDS_MANUAL_REVIEW	Errors unhandled
R4-079	G104	LOW	HIGH	internal/humanize/keyboard.go	Type	33	GOSEC_R3_FINAL_SOURCE_ONLY_SCAN	local persistence, archive, transport or audit I/O	local persistence, archive, transport or audit I/O	faulty/partial I/O or closed resource	integrity/availability; confidentiality if cleanup leaks data	bounded error propagation, rollback or cleanup exists on some paths	interrupted write/close/rename and rollback tests	Inspect and harden the R4-A path; preserve scanner visibility and add negative/positive regression tests.	R4-A	NEEDS_MANUAL_REVIEW	Errors unhandled
R4-080	G104	LOW	HIGH	internal/fingerprint/pool.go	Pick	72	GOSEC_R3_FINAL_SOURCE_ONLY_SCAN	local persistence, archive, transport or audit I/O	local persistence, archive, transport or audit I/O	faulty/partial I/O or closed resource	integrity/availability; confidentiality if cleanup leaks data	bounded error propagation, rollback or cleanup exists on some paths	interrupted write/close/rename and rollback tests	Inspect and harden the R4-A path; preserve scanner visibility and add negative/positive regression tests.	R4-A	NEEDS_MANUAL_REVIEW	Errors unhandled
R4-081	G104	LOW	HIGH	internal/browser/socks5relay.go	handle	144	GOSEC_R3_FINAL_SOURCE_ONLY_SCAN	local persistence, archive, transport or audit I/O	local persistence, archive, transport or audit I/O	faulty/partial I/O or closed resource	integrity/availability; confidentiality if cleanup leaks data	bounded error propagation, rollback or cleanup exists on some paths	interrupted write/close/rename and rollback tests	Inspect and harden the R4-A path; preserve scanner visibility and add negative/positive regression tests.	R4-A	NEEDS_MANUAL_REVIEW	Errors unhandled
R4-082	G104	LOW	HIGH	internal/browser/socks5relay.go	handle	142	GOSEC_R3_FINAL_SOURCE_ONLY_SCAN	local persistence, archive, transport or audit I/O	local persistence, archive, transport or audit I/O	faulty/partial I/O or closed resource	integrity/availability; confidentiality if cleanup leaks data	bounded error propagation, rollback or cleanup exists on some paths	interrupted write/close/rename and rollback tests	Inspect and harden the R4-A path; preserve scanner visibility and add negative/positive regression tests.	R4-A	NEEDS_MANUAL_REVIEW	Errors unhandled
R4-083	G104	LOW	HIGH	internal/browser/socks5relay.go	handle	135	GOSEC_R3_FINAL_SOURCE_ONLY_SCAN	local persistence, archive, transport or audit I/O	local persistence, archive, transport or audit I/O	faulty/partial I/O or closed resource	integrity/availability; confidentiality if cleanup leaks data	bounded error propagation, rollback or cleanup exists on some paths	interrupted write/close/rename and rollback tests	Inspect and harden the R4-A path; preserve scanner visibility and add negative/positive regression tests.	R4-A	NEEDS_MANUAL_REVIEW	Errors unhandled
R4-084	G104	LOW	HIGH	internal/browser/socks5relay.go	handle	129	GOSEC_R3_FINAL_SOURCE_ONLY_SCAN	local persistence, archive, transport or audit I/O	local persistence, archive, transport or audit I/O	faulty/partial I/O or closed resource	integrity/availability; confidentiality if cleanup leaks data	bounded error propagation, rollback or cleanup exists on some paths	interrupted write/close/rename and rollback tests	Inspect and harden the R4-A path; preserve scanner visibility and add negative/positive regression tests.	R4-A	NEEDS_MANUAL_REVIEW	Errors unhandled
R4-085	G104	LOW	HIGH	internal/browser/socks5relay.go	handle	122	GOSEC_R3_FINAL_SOURCE_ONLY_SCAN	local persistence, archive, transport or audit I/O	local persistence, archive, transport or audit I/O	faulty/partial I/O or closed resource	integrity/availability; confidentiality if cleanup leaks data	bounded error propagation, rollback or cleanup exists on some paths	interrupted write/close/rename and rollback tests	Inspect and harden the R4-A path; preserve scanner visibility and add negative/positive regression tests.	R4-A	NEEDS_MANUAL_REVIEW	Errors unhandled
R4-086	G104	LOW	HIGH	internal/browser/socks5relay.go	handle	95	GOSEC_R3_FINAL_SOURCE_ONLY_SCAN	local persistence, archive, transport or audit I/O	local persistence, archive, transport or audit I/O	faulty/partial I/O or closed resource	integrity/availability; confidentiality if cleanup leaks data	bounded error propagation, rollback or cleanup exists on some paths	interrupted write/close/rename and rollback tests	Inspect and harden the R4-A path; preserve scanner visibility and add negative/positive regression tests.	R4-A	NEEDS_MANUAL_REVIEW	Errors unhandled
R4-087	G104	LOW	HIGH	internal/browser/socks5relay.go	handle	87	GOSEC_R3_FINAL_SOURCE_ONLY_SCAN	local persistence, archive, transport or audit I/O	local persistence, archive, transport or audit I/O	faulty/partial I/O or closed resource	integrity/availability; confidentiality if cleanup leaks data	bounded error propagation, rollback or cleanup exists on some paths	interrupted write/close/rename and rollback tests	Inspect and harden the R4-A path; preserve scanner visibility and add negative/positive regression tests.	R4-A	NEEDS_MANUAL_REVIEW	Errors unhandled
R4-088	G104	LOW	HIGH	internal/browser/socks5relay.go	Close	49	GOSEC_R3_FINAL_SOURCE_ONLY_SCAN	local persistence, archive, transport or audit I/O	local persistence, archive, transport or audit I/O	faulty/partial I/O or closed resource	integrity/availability; confidentiality if cleanup leaks data	bounded error propagation, rollback or cleanup exists on some paths	interrupted write/close/rename and rollback tests	Inspect and harden the R4-A path; preserve scanner visibility and add negative/positive regression tests.	R4-A	NEEDS_MANUAL_REVIEW	Errors unhandled
R4-089	G104	LOW	HIGH	internal/browser/manager.go	Close	399	GOSEC_R3_FINAL_SOURCE_ONLY_SCAN	local persistence, archive, transport or audit I/O	local persistence, archive, transport or audit I/O	faulty/partial I/O or closed resource	integrity/availability; confidentiality if cleanup leaks data	bounded error propagation, rollback or cleanup exists on some paths	interrupted write/close/rename and rollback tests	Inspect and harden the R4-A path; preserve scanner visibility and add negative/positive regression tests.	R4-A	NEEDS_MANUAL_REVIEW	Errors unhandled
R4-090	G104	LOW	HIGH	internal/browser/manager.go	Close	391	GOSEC_R3_FINAL_SOURCE_ONLY_SCAN	local persistence, archive, transport or audit I/O	local persistence, archive, transport or audit I/O	faulty/partial I/O or closed resource	integrity/availability; confidentiality if cleanup leaks data	bounded error propagation, rollback or cleanup exists on some paths	interrupted write/close/rename and rollback tests	Inspect and harden the R4-A path; preserve scanner visibility and add negative/positive regression tests.	R4-A	NEEDS_MANUAL_REVIEW	Errors unhandled
R4-091	G104	LOW	HIGH	internal/browser/manager.go	CloseSession	376	GOSEC_R3_FINAL_SOURCE_ONLY_SCAN	local persistence, archive, transport or audit I/O	local persistence, archive, transport or audit I/O	faulty/partial I/O or closed resource	integrity/availability; confidentiality if cleanup leaks data	bounded error propagation, rollback or cleanup exists on some paths	interrupted write/close/rename and rollback tests	Inspect and harden the R4-A path; preserve scanner visibility and add negative/positive regression tests.	R4-A	NEEDS_MANUAL_REVIEW	Errors unhandled
R4-092	G104	LOW	HIGH	internal/browser/manager.go	CloseSession	373	GOSEC_R3_FINAL_SOURCE_ONLY_SCAN	local persistence, archive, transport or audit I/O	local persistence, archive, transport or audit I/O	faulty/partial I/O or closed resource	integrity/availability; confidentiality if cleanup leaks data	bounded error propagation, rollback or cleanup exists on some paths	interrupted write/close/rename and rollback tests	Inspect and harden the R4-A path; preserve scanner visibility and add negative/positive regression tests.	R4-A	NEEDS_MANUAL_REVIEW	Errors unhandled
R4-093	G104	LOW	HIGH	internal/browser/launch_firefox.go	launchFirefox	153	GOSEC_R3_FINAL_SOURCE_ONLY_SCAN	local persistence, archive, transport or audit I/O	local persistence, archive, transport or audit I/O	faulty/partial I/O or closed resource	integrity/availability; confidentiality if cleanup leaks data	bounded error propagation, rollback or cleanup exists on some paths	interrupted write/close/rename and rollback tests	Inspect and harden the R4-A path; preserve scanner visibility and add negative/positive regression tests.	R4-A	NEEDS_MANUAL_REVIEW	Errors unhandled
R4-094	G104	LOW	HIGH	internal/browser/launch_chromium.go	launchChromium	333	GOSEC_R3_FINAL_SOURCE_ONLY_SCAN	local persistence, archive, transport or audit I/O	local persistence, archive, transport or audit I/O	faulty/partial I/O or closed resource	integrity/availability; confidentiality if cleanup leaks data	bounded error propagation, rollback or cleanup exists on some paths	interrupted write/close/rename and rollback tests	Inspect and harden the R4-A path; preserve scanner visibility and add negative/positive regression tests.	R4-A	NEEDS_MANUAL_REVIEW	Errors unhandled
R4-095	G104	LOW	HIGH	internal/browser/launch_chromium.go	launchChromium	312	GOSEC_R3_FINAL_SOURCE_ONLY_SCAN	local persistence, archive, transport or audit I/O	local persistence, archive, transport or audit I/O	faulty/partial I/O or closed resource	integrity/availability; confidentiality if cleanup leaks data	bounded error propagation, rollback or cleanup exists on some paths	interrupted write/close/rename and rollback tests	Inspect and harden the R4-A path; preserve scanner visibility and add negative/positive regression tests.	R4-A	NEEDS_MANUAL_REVIEW	Errors unhandled
R4-096	G104	LOW	HIGH	internal/browser/download.go	DownloadCloakBrowser	484	GOSEC_R3_FINAL_SOURCE_ONLY_SCAN	local persistence, archive, transport or audit I/O	local persistence, archive, transport or audit I/O	faulty/partial I/O or closed resource	integrity/availability; confidentiality if cleanup leaks data	bounded error propagation, rollback or cleanup exists on some paths	interrupted write/close/rename and rollback tests	Inspect and harden the R4-A path; preserve scanner visibility and add negative/positive regression tests.	R4-A	NEEDS_MANUAL_REVIEW	Errors unhandled
R4-097	G104	LOW	HIGH	internal/api/router.go	writeJSON	707	GOSEC_R3_FINAL_SOURCE_ONLY_SCAN	local persistence, archive, transport or audit I/O	local persistence, archive, transport or audit I/O	faulty/partial I/O or closed resource	integrity/availability; confidentiality if cleanup leaks data	bounded error propagation, rollback or cleanup exists on some paths	interrupted write/close/rename and rollback tests	Inspect and harden the R4-A path; preserve scanner visibility and add negative/positive regression tests.	R4-A	NEEDS_MANUAL_REVIEW	Errors unhandled
R4-098	G104	LOW	HIGH	internal/api/dashboard.go	dashboard	13	GOSEC_R3_FINAL_SOURCE_ONLY_SCAN	local persistence, archive, transport or audit I/O	local persistence, archive, transport or audit I/O	faulty/partial I/O or closed resource	integrity/availability; confidentiality if cleanup leaks data	bounded error propagation, rollback or cleanup exists on some paths	interrupted write/close/rename and rollback tests	Inspect and harden the R4-A path; preserve scanner visibility and add negative/positive regression tests.	R4-A	NEEDS_MANUAL_REVIEW	Errors unhandled
R4-099	G104	LOW	HIGH	cmd/server/main.go	runServer	429	GOSEC_R3_FINAL_SOURCE_ONLY_SCAN	local persistence, archive, transport or audit I/O	local persistence, archive, transport or audit I/O	faulty/partial I/O or closed resource	integrity/availability; confidentiality if cleanup leaks data	bounded error propagation, rollback or cleanup exists on some paths	interrupted write/close/rename and rollback tests	Inspect and harden the R4-A path; preserve scanner visibility and add negative/positive regression tests.	R4-A	NEEDS_MANUAL_REVIEW	Errors unhandled
