/home/ubuntu/forgelocal_self_validation_v6/operational_validation_v1/repo/cmd/server/main.go	429	Errors unhandled
/home/ubuntu/forgelocal_self_validation_v6/operational_validation_v1/repo/internal/api/dashboard.go	13	Errors unhandled
/home/ubuntu/forgelocal_self_validation_v6/operational_validation_v1/repo/internal/api/router.go	707	Errors unhandled
/home/ubuntu/forgelocal_self_validation_v6/operational_validation_v1/repo/internal/browser/download.go	144	Errors unhandled
/home/ubuntu/forgelocal_self_validation_v6/operational_validation_v1/repo/internal/browser/download.go	323	Errors unhandled
/home/ubuntu/forgelocal_self_validation_v6/operational_validation_v1/repo/internal/browser/download.go	342	Errors unhandled
/home/ubuntu/forgelocal_self_validation_v6/operational_validation_v1/repo/internal/browser/download.go	368	Errors unhandled
/home/ubuntu/forgelocal_self_validation_v6/operational_validation_v1/repo/internal/browser/download.go	382	Errors unhandled
/home/ubuntu/forgelocal_self_validation_v6/operational_validation_v1/repo/internal/browser/download.go	394	Errors unhandled
/home/ubuntu/forgelocal_self_validation_v6/operational_validation_v1/repo/internal/browser/download.go	449	Errors unhandled
/home/ubuntu/forgelocal_self_validation_v6/operational_validation_v1/repo/internal/browser/download.go	463	Errors unhandled
/home/ubuntu/forgelocal_self_validation_v6/operational_validation_v1/repo/internal/browser/download.go	466	Errors unhandled
/home/ubuntu/forgelocal_self_validation_v6/operational_validation_v1/repo/internal/browser/download.go	473	Errors unhandled
/home/ubuntu/forgelocal_self_validation_v6/operational_validation_v1/repo/internal/browser/launch_chromium.go	312	Errors unhandled
/home/ubuntu/forgelocal_self_validation_v6/operational_validation_v1/repo/internal/browser/launch_chromium.go	333	Errors unhandled
/home/ubuntu/forgelocal_self_validation_v6/operational_validation_v1/repo/internal/browser/launch_firefox.go	153	Errors unhandled
/home/ubuntu/forgelocal_self_validation_v6/operational_validation_v1/repo/internal/browser/manager.go	373	Errors unhandled
/home/ubuntu/forgelocal_self_validation_v6/operational_validation_v1/repo/internal/browser/manager.go	376	Errors unhandled
/home/ubuntu/forgelocal_self_validation_v6/operational_validation_v1/repo/internal/browser/manager.go	391	Errors unhandled
/home/ubuntu/forgelocal_self_validation_v6/operational_validation_v1/repo/internal/browser/manager.go	399	Errors unhandled
/home/ubuntu/forgelocal_self_validation_v6/operational_validation_v1/repo/internal/browser/socks5relay.go	49	Errors unhandled
/home/ubuntu/forgelocal_self_validation_v6/operational_validation_v1/repo/internal/browser/socks5relay.go	87	Errors unhandled
/home/ubuntu/forgelocal_self_validation_v6/operational_validation_v1/repo/internal/browser/socks5relay.go	95	Errors unhandled
/home/ubuntu/forgelocal_self_validation_v6/operational_validation_v1/repo/internal/browser/socks5relay.go	122	Errors unhandled
/home/ubuntu/forgelocal_self_validation_v6/operational_validation_v1/repo/internal/browser/socks5relay.go	129	Errors unhandled
/home/ubuntu/forgelocal_self_validation_v6/operational_validation_v1/repo/internal/browser/socks5relay.go	135	Errors unhandled
/home/ubuntu/forgelocal_self_validation_v6/operational_validation_v1/repo/internal/browser/socks5relay.go	142	Errors unhandled
/home/ubuntu/forgelocal_self_validation_v6/operational_validation_v1/repo/internal/browser/socks5relay.go	144	Errors unhandled
/home/ubuntu/forgelocal_self_validation_v6/operational_validation_v1/repo/internal/config/config.go	168	Errors unhandled
/home/ubuntu/forgelocal_self_validation_v6/operational_validation_v1/repo/internal/fingerprint/pool.go	72	Errors unhandled
/home/ubuntu/forgelocal_self_validation_v6/operational_validation_v1/repo/internal/humanize/keyboard.go	33	Errors unhandled
/home/ubuntu/forgelocal_self_validation_v6/operational_validation_v1/repo/internal/humanize/keyboard.go	60	Errors unhandled
/home/ubuntu/forgelocal_self_validation_v6/operational_validation_v1/repo/internal/humanize/keyboard.go	73-75	Errors unhandled
/home/ubuntu/forgelocal_self_validation_v6/operational_validation_v1/repo/internal/mcp/protocol.go	40	Errors unhandled
/home/ubuntu/forgelocal_self_validation_v6/operational_validation_v1/repo/internal/mcp/server.go	667	Errors unhandled
/home/ubuntu/forgelocal_self_validation_v6/operational_validation_v1/repo/internal/mcp/server.go	818	Errors unhandled
/home/ubuntu/forgelocal_self_validation_v6/operational_validation_v1/repo/internal/mcp/stdio.go	56	Errors unhandled
/home/ubuntu/forgelocal_self_validation_v6/operational_validation_v1/repo/internal/workflow/engine.go	281	Errors unhandled
